Rang,Dﾃｩnomination,SIREN,Ville,CP,Rﾃｩgion,Effectif,Stagiaires,Spﾃｩcialitﾃｩ,Score,Prioritﾃｩ,Production_est,Email,LinkedIn,Statut,Notes
1,SAS D-FORMATIONS PROFESSIONNELLES,538857178,CLERMONT FERRAND,63100,Auvergne-Rhﾃｴne-Alpes,4,1275,"Ressources humaines, gestion du personnel, gestion de l'emploi",100.0,沐ｴ,13.3,,,,
2,INTERCONSULT,332210392,,,Provence-Alpes-Cﾃｴte d'Azur,5,1983,"Ressources humaines, gestion du personnel, gestion de l'emploi",95.0,沐ｴ,18.3,,,,
3,ITINERA FORMATION,790238438,,,Auvergne-Rhﾃｴne-Alpes,5,1160,"Ressources humaines, gestion du personnel, gestion de l'emploi",95.0,沐ｴ,14.8,,,,
4,EMOTIONAL RESCUE,535012314,,,ﾃ四e-de-France,4,734,Dﾃｩveloppement des capacitﾃｩs comportementales et relationnelles,95.0,沐ｴ,11.1,,,,
5,ALINATE,812939163,PANTIN,93500,ﾃ四e-de-France,5,632,"Ressources humaines, gestion du personnel, gestion de l'emploi",95.0,沐ｴ,12.6,,,,
6,ALTEYA CONSULTING,898466206,PARIS 06,75006,ﾃ四e-de-France,4,621,"Ressources humaines, gestion du personnel, gestion de l'emploi",95.0,沐ｴ,10.6,,,,
7,ELAN INTERCULTUREL,504595248,PARIS 13,75013,ﾃ四e-de-France,4,556,"Enseignement, formation",95.0,沐ｴ,10.3,,,,
8,FONCTION 2,478971591,PARIS 14,75014,ﾃ四e-de-France,5,531,Dﾃｩveloppement des capacitﾃｩs comportementales et relationnelles,95.0,沐ｴ,12.2,,,,
9,CEFERH,383889433,,,Auvergne-Rhﾃｴne-Alpes,5,240,"Ressources humaines, gestion du personnel, gestion de l'emploi",95.0,沐ｴ,11.0,,,,
10,ESKALIS,752369876,ANNECY LE VIEUX,74940,Auvergne-Rhﾃｴne-Alpes,4,214,"Ressources humaines, gestion du personnel, gestion de l'emploi",95.0,沐ｴ,8.9,,,,
11,DIGITAL SKILLS FOUNDATION,831353289,,,Auvergne-Rhﾃｴne-Alpes,5,66855,"Enseignement, formation",90.0,沐ｴ,288.6,,,,
12,SOCIETE FINANCIERE XAVIER HALLIGON - UP'TEAMHOMME,491682134,,,Pays de la Loire,5,3540,"Ressources humaines, gestion du personnel, gestion de l'emploi",90.0,沐ｴ,24.8,,,,
13,CELINE  MATHON  CONSULTING,519317499,,,ﾃ四e-de-France,5,2699,Dﾃｩveloppement des capacitﾃｩs comportementales et relationnelles,90.0,沐ｴ,21.2,,,,
14,LION,822531398,,,ﾃ四e-de-France,6,2516,"Ressources humaines, gestion du personnel, gestion de l'emploi",90.0,沐ｴ,22.5,,,,
15,GALAXIE CONSEIL ET FORMATION,377934229,,,ﾃ四e-de-France,4,2515,"Ressources humaines, gestion du personnel, gestion de l'emploi",90.0,沐ｴ,18.5,,,,
16,REACTIV',414856682,,,Auvergne-Rhﾃｴne-Alpes,4,2443,"Agro-alimentaire, alimentation, cuisine",90.0,沐ｴ,18.2,,,,
17,AMAE CONSEIL,483067237,,,ﾃ四e-de-France,5,2349,Dﾃｩveloppement des capacitﾃｩs comportementales et relationnelles,90.0,沐ｴ,19.8,,,,
18,ALTIDEM SAS,492299805,,,ﾃ四e-de-France,5,1905,"Ressources humaines, gestion du personnel, gestion de l'emploi",90.0,沐ｴ,17.9,,,,
19,P.A.R.A.T CONSEILS,503330878,,,Provence-Alpes-Cﾃｴte d'Azur,4,1725,Dﾃｩveloppement des capacitﾃｩs comportementales et relationnelles,90.0,沐ｴ,15.2,,,,
20,LAERDAL MEDICAL FRANCE,950394916,LIMONEST,69760,Auvergne-Rhﾃｴne-Alpes,5,1480,"Enseignement, formation",90.0,沐ｴ,16.2,,,,
21,LMH FORMATION,820631406,HARDRICOURT,78250,ﾃ四e-de-France,5,1308,"Enseignement, formation",90.0,沐ｴ,15.4,,,,
22,C3,798421798,PARIS 11,75011,ﾃ四e-de-France,7,1275,"Ressources humaines, gestion du personnel, gestion de l'emploi",90.0,沐ｴ,19.3,,,,
23,COMPTOIR DES RH,534921036,AVIGNON,84000,Provence-Alpes-Cﾃｴte d'Azur,4,1222,"Ressources humaines, gestion du personnel, gestion de l'emploi",90.0,沐ｴ,13.1,,,,
24,PARO,535109498,RILLIEUX LA PAPE,69140,Auvergne-Rhﾃｴne-Alpes,5,1198,"Enseignement, formation",90.0,沐ｴ,15.0,,,,
25,NEXTGEN,900319591,PARIS 08,75008,ﾃ四e-de-France,5,1196,"Ressources humaines, gestion du personnel, gestion de l'emploi",90.0,沐ｴ,15.0,,,,
26,CICERO PARTNERS,811295336,,,ﾃ四e-de-France,5,1126,Dﾃｩveloppement des capacitﾃｩs comportementales et relationnelles,90.0,沐ｴ,14.7,,,,
27,C2 DEVELOPPEMENT,428107585,MAUREPAS,78310,ﾃ四e-de-France,4,1124,"Commerce, vente",90.0,沐ｴ,12.7,,,,
28,MC COACHING,901324988,PARIS 08,75008,ﾃ四e-de-France,5,1072,"Enseignement, formation",90.0,沐ｴ,14.5,,,,
29,PLACE TO LEARN,495350928,,,Auvergne-Rhﾃｴne-Alpes,5,1050,"Commerce, vente",90.0,沐ｴ,14.4,,,,
30,CHEVALLIER ET ASSOCIES,347389207,,,Auvergne-Rhﾃｴne-Alpes,4,1019,Dﾃｩveloppement des capacitﾃｩs comportementales et relationnelles,90.0,沐ｴ,12.2,,,,
31,HIGHPOT CONSEIL SARL,527750657,,,Provence-Alpes-Cﾃｴte d'Azur,5,1006,"Commerce, vente",90.0,沐ｴ,14.2,,,,
32,AH MANAGEMENT,518563911,LUSSAS,71700,Auvergne-Rhﾃｴne-Alpes,6,963,"Ressources humaines, gestion du personnel, gestion de l'emploi",90.0,沐ｴ,16.0,,,,
33,PREAVIES,922242581,BOUVESSE QUIRIEU,38390,Auvergne-Rhﾃｴne-Alpes,5,946,"Enseignement, formation",90.0,沐ｴ,13.9,,,,
34,IMPRO 2,750062481,PARIS 04,75004,ﾃ四e-de-France,5,935,Dﾃｩveloppement des capacitﾃｩs comportementales et relationnelles,90.0,沐ｴ,13.9,,,,
35,CARNETS D'EVEIL,529046864,CHOISY LE ROI,94600,ﾃ四e-de-France,5,904,Dﾃｩveloppement des capacitﾃｩs comportementales et relationnelles,90.0,沐ｴ,13.8,,,,
36,C & C AUTO ECOLE,913635942,COUBRON,93470,ﾃ四e-de-France,4,898,"Enseignement, formation",90.0,沐ｴ,11.7,,,,
37,APPUI.COM CONSEIL,753054022,,,Auvergne-Rhﾃｴne-Alpes,5,897,"Commerce, vente",90.0,沐ｴ,13.7,,,,
38,COMPANIEROS,343728572,,,ﾃ四e-de-France,4,889,"Ressources humaines, gestion du personnel, gestion de l'emploi",90.0,沐ｴ,11.7,,,,
39,PAUL PYRONNET INSTITUT,521659425,LYON 06,69006,Auvergne-Rhﾃｴne-Alpes,5,869,"Enseignement, formation",90.0,沐ｴ,13.6,,,,
40,MDC CONGRUENCE,947695227,,,ﾃ四e-de-France,4,839,Dﾃｩveloppement des capacitﾃｩs comportementales et relationnelles,90.0,沐ｴ,11.5,,,,
41,ASSOCIATION  ST JOSEPH,320152457,,,Auvergne-Rhﾃｴne-Alpes,5,818,"Enseignement, formation",90.0,沐ｴ,13.4,,,,
42,F.P.C.S. PASCAL DOUSSAINT,514199148,ARCAY,86200,Nouvelle-Aquitaine,5,816,"Enseignement, formation",90.0,沐ｴ,13.4,,,,
43,FORMATION SPECIFIQUE,899643415,MARSEILLE 01,13001,Provence-Alpes-Cﾃｴte d'Azur,4,805,"Enseignement, formation",90.0,沐ｴ,11.4,,,,
44,DIGITAL LEARNING,827702101,MARSEILLE 09,13009,Provence-Alpes-Cﾃｴte d'Azur,5,791,"Langues vivantes, civilisations ﾃｩtrangﾃｨres et rﾃｩgionales",90.0,沐ｴ,13.3,,,,
45,CFCT92IDF,845406891,,,ﾃ四e-de-France,5,783,"Enseignement, formation",90.0,沐ｴ,13.3,,,,
46,PERCEPIED CONSEIL,893189241,,,Provence-Alpes-Cﾃｴte d'Azur,4,773,"Commerce, vente",90.0,沐ｴ,11.2,,,,
47,Christophe CHABIN - NONAKA CONSEIL,523073989,THONON LES BAINS,74200,Auvergne-Rhﾃｴne-Alpes,4,760,Dﾃｩveloppement des capacitﾃｩs comportementales et relationnelles,90.0,沐ｴ,11.2,,,,
48,ALEOX  (MME  MERLAND),527997985,,,ﾃ四e-de-France,5,753,Dﾃｩveloppement des capacitﾃｩs comportementales et relationnelles,90.0,沐ｴ,13.1,,,,
49,SB CONSEIL,484004825,,,Pays de la Loire,5,747,Dﾃｩveloppement des capacitﾃｩs comportementales et relationnelles,90.0,沐ｴ,13.1,,,,
50,SARL XV MANAGEMENT,494551252,,,Auvergne-Rhﾃｴne-Alpes,4,741,"Commerce, vente",90.0,沐ｴ,11.1,,,,
51,OSE FORMATIONS,822684411,,,Auvergne-Rhﾃｴne-Alpes,4,740,Linguistique,90.0,沐ｴ,11.1,,,,
52,PAROLES DE SAGESSE,450010277,,,ﾃ四e-de-France,5,731,"Enseignement, formation",90.0,沐ｴ,13.0,,,,
53,CAMPUS CAREER,528533102,BOULOGNE BILLANCOURT,92100,ﾃ四e-de-France,4,717,"Ressources humaines, gestion du personnel, gestion de l'emploi",90.0,沐ｴ,11.0,,,,
54,FORMEOSE,751664632,,,Auvergne-Rhﾃｴne-Alpes,4,665,"Enseignement, formation",90.0,沐ｴ,10.8,,,,
55,RADYA RESEAU DES ACTEURS DE LA DYNAMIQUE  ASL,519668453,PARIS 14,75014,ﾃ四e-de-France,4,649,"Enseignement, formation",90.0,沐ｴ,10.7,,,,
56,COACHING AND CO,788916104,,,Auvergne-Rhﾃｴne-Alpes,4,645,"Commerce, vente",90.0,沐ｴ,10.7,,,,
57,QUATRE EPICES,479472565,,,ﾃ四e-de-France,5,637,Dﾃｩveloppement des capacitﾃｩs comportementales et relationnelles,90.0,沐ｴ,12.7,,,,
58,VIRTU'OZ SEVEN,500108634,BRON,69500,Auvergne-Rhﾃｴne-Alpes,5,622,"Commerce, vente",90.0,沐ｴ,12.6,,,,
59,I.H.R.M. Cis-Assistance,434520573,,,Provence-Alpes-Cﾃｴte d'Azur,4,620,"Enseignement, formation",90.0,沐ｴ,10.6,,,,
60,ELANSITE,534630025,,,ﾃ四e-de-France,5,614,Dﾃｩveloppement des capacitﾃｩs comportementales et relationnelles,90.0,沐ｴ,12.6,,,,
61,HCB CONSULTANTS,451335392,PARIS 17,75017,ﾃ四e-de-France,5,612,Dﾃｩveloppement des capacitﾃｩs comportementales et relationnelles,90.0,沐ｴ,12.6,,,,
62,LMC Conseil,823419973,,,Auvergne-Rhﾃｴne-Alpes,4,611,"Enseignement, formation",90.0,沐ｴ,10.5,,,,
63,CENTRAL TEST,441914272,,,ﾃ四e-de-France,5,607,"Ressources humaines, gestion du personnel, gestion de l'emploi",90.0,沐ｴ,12.5,,,,
64,HONEYWELL RESPIRATORY SAFETY PRODUCTS,552057448,,,ﾃ四e-de-France,4,602,"Enseignement, formation",90.0,沐ｴ,10.5,,,,
65,TRAITS D UNIONS,430195859,,,ﾃ四e-de-France,4,599,Dﾃｩveloppement des capacitﾃｩs mentales et apprentissages de base,90.0,沐ｴ,10.5,,,,
66,PERSPECTIVES ET RESSOURCES,447777194,,,Provence-Alpes-Cﾃｴte d'Azur,3,592,"Ressources humaines, gestion du personnel, gestion de l'emploi",90.0,沐ｴ,8.5,,,,
67,C-FORCE,898809538,MANDRES LES ROSES,94520,ﾃ四e-de-France,4,579,Bﾃ｢timent: construction et couverture,90.0,沐ｴ,10.4,,,,
68,VECTORIS,951247808,BOURGES,18000,Centre-Val de Loire,4,574,"Ressources humaines, gestion du personnel, gestion de l'emploi",90.0,沐ｴ,10.4,,,,
69,ASSOCIATION    AVD-FORMATION,533755229,PARIS 17,75017,ﾃ四e-de-France,4,560,"Dﾃｩveloppement des capacitﾃｩs d'orientation, d'insertion ou de rﾃｩinsertion sociales et professionnelles",90.0,沐ｴ,10.3,,,,
70,DOMINO  S PIZZA  FRANCE,421415803,,,ﾃ四e-de-France,4,557,"Agro-alimentaire, alimentation, cuisine",90.0,沐ｴ,10.3,,,,
71,VERTICAL RH,444734354,,,Pays de la Loire,4,541,"Ressources humaines, gestion du personnel, gestion de l'emploi",90.0,沐ｴ,10.3,,,,
72,AUTO ECOLE DE LA PLAGE,421227422,CHAMPS SUR MARNE,77420,ﾃ四e-de-France,5,515,"Enseignement, formation",90.0,沐ｴ,12.1,,,,
73,QUATRENE AUTO MOTO ECOLE,832857403,BONDY,93140,ﾃ四e-de-France,4,505,"Enseignement, formation",90.0,沐ｴ,10.1,,,,
74,WORK & SMILE CONSULTING,852821758,BRIGNOLES,83170,Provence-Alpes-Cﾃｴte d'Azur,4,485,Dﾃｩveloppement des capacitﾃｩs comportementales et relationnelles,90.0,沐ｴ,10.0,,,,
75,ACCﾅ棚L,514425255,VERSAILLES,78000,ﾃ四e-de-France,4,461,"Ressources humaines, gestion du personnel, gestion de l'emploi",90.0,沐ｴ,9.9,,,,
76,AQUITAINE RECRUTEMENT,332723576,,,Nouvelle-Aquitaine,4,423,"Ressources humaines, gestion du personnel, gestion de l'emploi",90.0,沐ｴ,9.8,,,,
77,MP CONSEIL,848097366,FIRMINY,42700,Auvergne-Rhﾃｴne-Alpes,4,407,"Ressources humaines, gestion du personnel, gestion de l'emploi",90.0,沐ｴ,9.7,,,,
78,EIPAS,504943705,,,Auvergne-Rhﾃｴne-Alpes,5,404,"Ressources humaines, gestion du personnel, gestion de l'emploi",90.0,沐ｴ,11.7,,,,
79,PIERRE AUDIFFREN CONSULTANT,438979518,,,Provence-Alpes-Cﾃｴte d'Azur,4,332,Dﾃｩveloppement des capacitﾃｩs comportementales et relationnelles,90.0,沐ｴ,9.4,,,,
80,SAS  BESTER CAPITAL HUMAIN,523254639,,,ﾃ四e-de-France,4,331,Dﾃｩveloppement des capacitﾃｩs comportementales et relationnelles,90.0,沐ｴ,9.4,,,,
81,ALLIANCE FRANCAISE ANNECY,821642782,ANNECY,74000,Auvergne-Rhﾃｴne-Alpes,5,321,"Enseignement, formation",90.0,沐ｴ,11.3,,,,
82,LATTITUDE43-3,899884324,MARSEILLE 12,13012,Provence-Alpes-Cﾃｴte d'Azur,4,303,Dﾃｩveloppement des capacitﾃｩs comportementales et relationnelles,90.0,沐ｴ,9.3,,,,
83,MALICORNE CONSEIL,437954298,CLICHY,92110,ﾃ四e-de-France,4,263,Dﾃｩveloppement des capacitﾃｩs comportementales et relationnelles,90.0,沐ｴ,9.1,,,,
84,SOCIETE POUR LE DEVELOPPEMENT DE L EMPLOI DANS LES SERVICES ET L INDUSTRIE,403419054,,,ﾃ四e-de-France,5,257,"Dﾃｩveloppement des capacitﾃｩs d'orientation, d'insertion ou de rﾃｩinsertion sociales et professionnelles",90.0,沐ｴ,11.1,,,,
85,EBULLISCIENCE,419851449,VAULX EN VELIN,69120,Auvergne-Rhﾃｴne-Alpes,4,255,"Enseignement, formation",90.0,沐ｴ,9.1,,,,
86,ALOGIA,802671677,BORDEAUX,33200,Nouvelle-Aquitaine,4,250,"Ressources humaines, gestion du personnel, gestion de l'emploi",90.0,沐ｴ,9.0,,,,
87,SILAMIR  SAS,533217725,PARIS 08,75008,ﾃ四e-de-France,5,249,"Ressources humaines, gestion du personnel, gestion de l'emploi",90.0,沐ｴ,11.0,,,,
88,PROGRE'SSE,983947433,SALLANCHES,74700,Auvergne-Rhﾃｴne-Alpes,5,223,"Enseignement, formation",90.0,沐ｴ,10.9,,,,
89,ABILITY SHARED,837564764,ANTONY,92160,ﾃ四e-de-France,5,221,Dﾃｩveloppement des capacitﾃｩs comportementales et relationnelles,90.0,沐ｴ,10.9,,,,
90,DEAR COACHING,793169798,,,ﾃ四e-de-France,4,221,Dﾃｩveloppement des capacitﾃｩs comportementales et relationnelles,90.0,沐ｴ,8.9,,,,
91,CATHERINE PAJOT - INTER ACTIONS,494208531,ST GEORGES D OLERON,17190,Nouvelle-Aquitaine,5,212,"Ressources humaines, gestion du personnel, gestion de l'emploi",90.0,沐ｴ,10.9,,,,
92,METAMOTI,508748928,CHAPONOST,69630,Auvergne-Rhﾃｴne-Alpes,4,209,Dﾃｩveloppement des capacitﾃｩs comportementales et relationnelles,90.0,沐ｴ,8.9,,,,
93,NEXT LEVEL,844013722,DEUIL LA BARRE,95170,ﾃ四e-de-France,4,200,"Enseignement, formation",90.0,沐ｴ,8.8,,,,
94,DB MANAGEMENT CONSEIL,439510207,CALUIRE ET CUIRE,69300,Auvergne-Rhﾃｴne-Alpes,5,135,"Ressources humaines, gestion du personnel, gestion de l'emploi",90.0,沐ｴ,10.6,,,,
95,ANANTA CONSEIL,841478621,SARCENAS,38700,Auvergne-Rhﾃｴne-Alpes,5,126,"Ressources humaines, gestion du personnel, gestion de l'emploi",90.0,沐ｴ,10.5,,,,
96,EFFICIENCE DENTAIRE,490935772,,,Provence-Alpes-Cﾃｴte d'Azur,5,124,"Ressources humaines, gestion du personnel, gestion de l'emploi",90.0,沐ｴ,10.5,,,,
97,ECLOS'IONS,921957874,LAPALISSE,31200,Auvergne-Rhﾃｴne-Alpes,4,111,"Ressources humaines, gestion du personnel, gestion de l'emploi",90.0,沐ｴ,8.5,,,,
98,LEMON ADDS,807677422,,,Nouvelle-Aquitaine,5,4095,Dﾃｩveloppement des capacitﾃｩs comportementales et relationnelles,85.0,沺,27.1,,,,
99,AFCCC GERS ASS. FRANCAISE DES CENTRES CONSULTATION CONJUGALE,411400888,,,Occitanie,5,2470,Dﾃｩveloppement des capacitﾃｩs comportementales et relationnelles,85.0,沺,20.3,,,,
100,WORK SAFETY SARL,949192652,AUCH,32000,Occitanie,4,2206,"Enseignement, formation",85.0,沺,17.2,,,,
101,DICOM,410467716,CHAMPAGNE AU MONT D OR,69410,Auvergne-Rhﾃｴne-Alpes,5,1829,"Comptabilitﾃｩ, gestion",85.0,沺,17.6,,,,
102,GH 3 formation accompagnement conseil,832487342,PARIS 13,75013,ﾃ四e-de-France,3,1820,"Ressources humaines, gestion du personnel, gestion de l'emploi",85.0,沺,13.6,,,,
103,CDF976/FNMNS FORMATIONS SECOURISME & SAUVETAGE AQUATIQUE DE MAYOTTE,921490249,PAMANDZI,97615,Mayotte,4,1699,"Enseignement, formation",85.0,沺,15.1,,,,
104,AAAGIS CONSEIL/LAUNE CHRISTINE,402622716,NIMES,30900,Occitanie,5,1414,"Dﾃｩveloppement des capacitﾃｩs d'orientation, d'insertion ou de rﾃｩinsertion sociales et professionnelles",85.0,沺,15.9,,,,
105,SST +,879820702,PARTHENAY,79200,Nouvelle-Aquitaine,4,1399,"Enseignement, formation",85.0,沺,13.8,,,,
106,IVOLVE,752579292,,,ﾃ四e-de-France,3,1300,Dﾃｩveloppement des capacitﾃｩs comportementales et relationnelles,85.0,沺,11.4,,,,
107,B2C PROJET,442358428,,,Provence-Alpes-Cﾃｴte d'Azur,8,1027,"Ressources humaines, gestion du personnel, gestion de l'emploi",85.0,沺,20.3,,,,
108,RK2C FORMATION,883922627,,,Provence-Alpes-Cﾃｴte d'Azur,8,881,"Ressources humaines, gestion du personnel, gestion de l'emploi",85.0,沺,19.7,,,,
109,ABAQ CONSEIL,403419938,,,Auvergne-Rhﾃｴne-Alpes,8,836,"Ressources humaines, gestion du personnel, gestion de l'emploi",85.0,沺,19.5,,,,
110,ASS. LYONNAISE DE GESTION D'ETS POUR PERSONNES DEFICIENTES,775643232,CALUIRE ET CUIRE,69300,Auvergne-Rhﾃｴne-Alpes,9,834,Dﾃｩveloppement des capacitﾃｩs comportementales et relationnelles,85.0,沺,21.5,,,,
111,RELIANCE SARL,041218518,ECHIROLLES,38130,Auvergne-Rhﾃｴne-Alpes,7,817,"Enseignement, formation",85.0,沺,17.4,,,,
112,PROVENCE FORM'EVENT,504131251,,,Occitanie,5,796,Dﾃｩveloppement des capacitﾃｩs comportementales et relationnelles,85.0,沺,13.3,,,,
113,CAROLE HADJ MAHDI,498019462,,,Provence-Alpes-Cﾃｴte d'Azur,10,784,Dﾃｩveloppement des capacitﾃｩs comportementales et relationnelles,85.0,沺,23.3,,,,
114,ADC RESSOURCES ET POTENTIEL / GONOGO,801543455,BEGLES,33130,Nouvelle-Aquitaine,5,761,"Commerce, vente",85.0,沺,13.2,,,,
115,CAPEYROND NORD,801196528,MERIGNAC,33700,Nouvelle-Aquitaine,4,761,Bﾃ｢timent: construction et couverture,85.0,沺,11.2,,,,
116,AFS PREVENTION,978266062,AUBIERE,63170,Auvergne-Rhﾃｴne-Alpes,4,730,Spﾃｩcialitﾃｩs plurivalentes sanitaires et sociales,85.0,沺,11.0,,,,
117,LOPEZ Pierre,438301988,LIBOURNE,33500,Nouvelle-Aquitaine,5,705,"Enseignement, formation",85.0,沺,12.9,,,,
118,CENTRE DE FORMATION ET DE SECURITE ROUTIERE NORD BASSIN,893421883,ANDERNOS LES BAINS,33510,Nouvelle-Aquitaine,5,700,"Enseignement, formation",85.0,沺,12.9,,,,
119,J3R,751717992,NEUILLY SUR SEINE,92200,ﾃ四e-de-France,4,684,"Commerce, vente",85.0,沺,10.8,,,,
120,SYNPEAK,789660164,ANNECY,74000,Auvergne-Rhﾃｴne-Alpes,5,613,Santﾃｩ,85.0,沺,12.6,,,,
121,DUHAUT AVOCATS,848595021,NICE,62000,Provence-Alpes-Cﾃｴte d'Azur,4,613,Formations gﾃｩnﾃｩrales,85.0,沺,10.6,,,,
122,INSTITUT POUR LA PRATIQUE ET L'INNOVATION EN psyCHOLOGIE APPLIQUEE - Institut PI-PSY,877892646,,,ﾃ四e-de-France,4,608,Psychologie,85.0,沺,10.5,,,,
123,TRICKY,831023445,BORDEAUX,33070,Nouvelle-Aquitaine,5,597,Dﾃｩveloppement des capacitﾃｩs comportementales et relationnelles,85.0,沺,12.5,,,,
124,SVD GESTION,794659946,RUEIL MALMAISON,92500,ﾃ四e-de-France,4,550,"Comptabilitﾃｩ, gestion",85.0,沺,10.3,,,,
125,SAS ARAMIS,512113481,,,Nouvelle-Aquitaine,5,535,"Productions animales, ﾃｩlevage spﾃｩcialisﾃｩ, aquaculture, ...",85.0,沺,12.2,,,,
126,MORGAN DETOISIEN,438408676,ST LO,50000,Normandie,5,533,"Ressources humaines, gestion du personnel, gestion de l'emploi",85.0,沺,12.2,,,,
127,IMAGINE,511781098,VANDOEUVRE LES NANCY,54500,Grand Est,5,521,"Franﾃｧais, littﾃｩrature et civilisation franﾃｧaises",85.0,沺,12.2,,,,
128,OSTRA FORMATION,794051391,ST GERMAIN EN LAYE,78100,ﾃ四e-de-France,6,504,"Ressources humaines, gestion du personnel, gestion de l'emploi",85.0,沺,14.1,,,,
129,WORK'N ROLL - LE LAB,879020162,ST PAUL,97460,La Rﾃｩunion,4,502,Dﾃｩveloppement des capacitﾃｩs comportementales et relationnelles,85.0,沺,10.1,,,,
130,GROUPE PACE,502081326,GRAS,77000,Auvergne-Rhﾃｴne-Alpes,4,495,Dﾃｩveloppement des capacitﾃｩs comportementales et relationnelles,85.0,沺,10.1,,,,
131,DIVERSIDEES,524748399,,,ﾃ四e-de-France,4,492,"Ressources humaines, gestion du personnel, gestion de l'emploi",85.0,沺,10.1,,,,
132,PASSERELLE7,789215728,,,ﾃ四e-de-France,4,485,Dﾃｩveloppement des capacitﾃｩs comportementales et relationnelles,85.0,沺,10.0,,,,
133,SCICABULLE,813890274,LYON 07,69007,Auvergne-Rhﾃｴne-Alpes,4,471,"Enseignement, formation",85.0,沺,10.0,,,,
134,LORCOLSIM,794511972,SOYAUX,16800,Nouvelle-Aquitaine,5,469,"Ressources humaines, gestion du personnel, gestion de l'emploi",85.0,沺,12.0,,,,
135,BELLARC FORMATION,830977716,,,ﾃ四e-de-France,5,451,"Enseignement, formation",85.0,沺,11.9,,,,
136,AUTO ECOLE ESPACE COUBERTIN,789052982,VILLENOY,77124,ﾃ四e-de-France,5,446,"Enseignement, formation",85.0,沺,11.9,,,,
137,REFLEXE SANTE & SECOURS AU TRAVAIL,797601424,PONTOISE,95300,ﾃ四e-de-France,5,445,"Enseignement, formation",85.0,沺,11.9,,,,
138,EQUORANDA,451325898,,,Auvergne-Rhﾃｴne-Alpes,5,441,Dﾃｩveloppement des capacitﾃｩs comportementales et relationnelles,85.0,沺,11.8,,,,
139,SOSTEN SAS,812925113,,,ﾃ四e-de-France,5,441,Dﾃｩveloppement des capacitﾃｩs comportementales et relationnelles,85.0,沺,11.8,,,,
140,AUTO ECOLE LECLERC MANTES,832199046,,,ﾃ四e-de-France,4,416,"Enseignement, formation",85.0,沺,9.7,,,,
141,HORISIS CONSEIL,481447944,PARIS 10,75010,ﾃ四e-de-France,5,415,"Enseignement, formation",85.0,沺,11.7,,,,
142,CENTRE 43,909822785,SEVRAN,93270,ﾃ四e-de-France,5,410,"Enseignement, formation",85.0,沺,11.7,,,,
143,SAS CENTRALE PERMIS,793344912,ST DENIS,93200,ﾃ四e-de-France,5,409,"Enseignement, formation",85.0,沺,11.7,,,,
144,BIL S CONDUITE LONGJUMEAU,888089273,LONGJUMEAU,91160,ﾃ四e-de-France,5,408,"Enseignement, formation",85.0,沺,11.7,,,,
145,IFEH,385132071,NOISY LE SEC,93130,ﾃ四e-de-France,5,408,Linguistique,85.0,沺,11.7,,,,
146,CORELATIONS,507540474,ST DENIS,93200,ﾃ四e-de-France,5,406,Dﾃｩveloppement des capacitﾃｩs comportementales et relationnelles,85.0,沺,11.7,,,,
147,AUTO ECOLE DU PARC LAYET,751415878,ST LAURENT DU VAR,67000,Provence-Alpes-Cﾃｴte d'Azur,5,404,"Enseignement, formation",85.0,沺,11.7,,,,
148,OSTIANE MATHON LABLEARN,793813734,,,ﾃ四e-de-France,5,400,"Enseignement, formation",85.0,沺,11.7,,,,
149,TAVERNIER PIERRE - AT CONSEIL,450883244,CENVES,69840,Auvergne-Rhﾃｴne-Alpes,3,400,"Ressources humaines, gestion du personnel, gestion de l'emploi",85.0,沺,7.7,,,,
150,JDN,819147083,LES PENNES MIRABEAU,13170,Provence-Alpes-Cﾃｴte d'Azur,5,395,"Enseignement, formation",85.0,沺,11.6,,,,
151,SAS CDC CONTACTS (MME DURVILLE),789256492,,,ﾃ四e-de-France,4,392,"Transport, manutention, magasinage",85.0,沺,9.6,,,,
152,PROVEO,910403807,BIOT,64100,Provence-Alpes-Cﾃｴte d'Azur,5,388,"Ressources humaines, gestion du personnel, gestion de l'emploi",85.0,沺,11.6,,,,
153,ABER,347706095,,,Bretagne,5,387,"Ressources humaines, gestion du personnel, gestion de l'emploi",85.0,沺,11.6,,,,
154,UDPS 13 UNION DEPARTEMENTALE DES PREMIERS SECOURS DES BOUCHES DU RHONE,422263053,,,Provence-Alpes-Cﾃｴte d'Azur,5,386,"Enseignement, formation",85.0,沺,11.6,,,,
155,BIZI ONA,828534727,COLOMBES,92700,ﾃ四e-de-France,4,383,Dﾃｩveloppement des capacitﾃｩs comportementales et relationnelles,85.0,沺,9.6,,,,
156,SARL AUTO ECOLE CARAVELLE,332171313,NICE,61000,Provence-Alpes-Cﾃｴte d'Azur,5,377,"Enseignement, formation",85.0,沺,11.6,,,,
157,EURL SAJ,902920537,GRENOBLE,38100,Auvergne-Rhﾃｴne-Alpes,4,377,"Enseignement, formation",85.0,沺,9.6,,,,
158,POLE POSITION ROISSY,910061936,ROISSY EN BRIE,77680,ﾃ四e-de-France,5,373,"Enseignement, formation",85.0,沺,11.6,,,,
159,MISSION CONDUITE,914179593,CLAMART,92140,ﾃ四e-de-France,4,373,"Enseignement, formation",85.0,沺,9.6,,,,
160,COMERGENCE,822938379,ST GERMAIN EN LAYE,78100,ﾃ四e-de-France,5,369,"Ressources humaines, gestion du personnel, gestion de l'emploi",85.0,沺,11.5,,,,
161,AUTO MOTO ECOLE 2000,428253652,PARIS 20,75020,ﾃ四e-de-France,5,368,"Enseignement, formation",85.0,沺,11.5,,,,
162,AUTO ECOLE AMG M2,905326484,TOURNAN EN BRIE,77220,ﾃ四e-de-France,4,364,"Enseignement, formation",85.0,沺,9.5,,,,
163,NATION FORMATION,913585915,PARIS 11,75011,ﾃ四e-de-France,4,364,"Enseignement, formation",85.0,沺,9.5,,,,
164,auto-ecole Jeanne d'Arc,814274304,PARIS 13,75013,ﾃ四e-de-France,5,357,"Enseignement, formation",85.0,沺,11.5,,,,
165,MY RH CONSEIL,507743458,,,Provence-Alpes-Cﾃｴte d'Azur,4,357,"Ressources humaines, gestion du personnel, gestion de l'emploi",85.0,沺,9.5,,,,
166,ACCESSIO,429368525,,,Centre-Val de Loire,5,356,"Ressources humaines, gestion du personnel, gestion de l'emploi",85.0,沺,11.5,,,,
167,AUTO ECOLE DU MARCHE,402808349,,,ﾃ四e-de-France,5,356,"Enseignement, formation",85.0,沺,11.5,,,,
168,BM CONDUITE,905391827,,,Provence-Alpes-Cﾃｴte d'Azur,4,355,"Enseignement, formation",85.0,沺,9.5,,,,
169,PRENEVAM,840641021,LE PERREUX SUR MARNE,94170,ﾃ四e-de-France,4,355,Dﾃｩveloppement des capacitﾃｩs comportementales et relationnelles,85.0,沺,9.5,,,,
170,CYRCEE CONSULTING,788461119,,,ﾃ四e-de-France,6,351,"Ressources humaines, gestion du personnel, gestion de l'emploi",85.0,沺,13.5,,,,
171,JLBR,917717373,GARDANNE,13120,Provence-Alpes-Cﾃｴte d'Azur,4,350,"Enseignement, formation",85.0,沺,9.5,,,,
172,SAS AUTO ECOLE SPORT,821643988,,,Provence-Alpes-Cﾃｴte d'Azur,5,348,"Enseignement, formation",85.0,沺,11.4,,,,
173,MALHERBE  ET CONSULTANTS,510594591,NEUILLY SUR SEINE,92200,ﾃ四e-de-France,5,347,Dﾃｩveloppement des capacitﾃｩs comportementales et relationnelles,85.0,沺,11.4,,,,
174,SL CONDUITE,854055348,PARIS 17,75017,ﾃ四e-de-France,5,347,"Enseignement, formation",85.0,沺,11.4,,,,
175,OBJECTIF PERMIS,841543887,,,ﾃ四e-de-France,5,346,"Enseignement, formation",85.0,沺,11.4,,,,
176,TOUS TES PERMIS,882627342,,,ﾃ四e-de-France,5,345,"Enseignement, formation",85.0,沺,11.4,,,,
177,ORG INTEGRA,512379314,,,Auvergne-Rhﾃｴne-Alpes,4,345,"Ressources humaines, gestion du personnel, gestion de l'emploi",85.0,沺,9.4,,,,
178,AUTO ECOLE RICHARD,891751794,MARSEILLE 09,13009,Provence-Alpes-Cﾃｴte d'Azur,5,331,"Enseignement, formation",85.0,沺,11.4,,,,
179,INTERN COLLEGE OF COACHING AND MANAGEMENT,504545617,,,Auvergne-Rhﾃｴne-Alpes,4,329,Dﾃｩveloppement des capacitﾃｩs comportementales et relationnelles,85.0,沺,9.4,,,,
180,DAFSI FORMATION,903687588,CRETEIL,94000,ﾃ四e-de-France,4,328,"Enseignement, formation",85.0,沺,9.4,,,,
181,MAXIM AUTO MOTO,848451001,STE MAXIME,83120,Provence-Alpes-Cﾃｴte d'Azur,4,325,"Enseignement, formation",85.0,沺,9.4,,,,
182,AUTO ECOLE CHANZY,841527724,,,ﾃ四e-de-France,4,320,"Enseignement, formation",85.0,沺,9.3,,,,
183,DHB,844178236,VILLETANEUSE,93430,ﾃ四e-de-France,4,319,Formations gﾃｩnﾃｩrales,85.0,沺,9.3,,,,
184,APTING,488797804,NEUILLY SUR SEINE,92200,ﾃ四e-de-France,5,318,Dﾃｩveloppement des capacitﾃｩs comportementales et relationnelles,85.0,沺,11.3,,,,
185,ECOLE DE CONDUITE EUROPEENNE ECE,487912404,,,ﾃ四e-de-France,5,315,"Enseignement, formation",85.0,沺,11.3,,,,
186,OZANIM,821266947,GENISSIEUX,26750,Auvergne-Rhﾃｴne-Alpes,5,314,Dﾃｩveloppement des capacitﾃｩs comportementales et relationnelles,85.0,沺,11.3,,,,
187,Mme SARAH SILVA - CARNET,809631096,BEDARIEUX,34600,Occitanie,4,314,"Ressources humaines, gestion du personnel, gestion de l'emploi",85.0,沺,9.3,,,,
188,CONCERTIENCE,492097415,LYON 09,69009,Auvergne-Rhﾃｴne-Alpes,4,310,Dﾃｩveloppement des capacitﾃｩs comportementales et relationnelles,85.0,沺,9.3,,,,
189,EECAM,497809459,LE PRE ST GERVAIS,93310,ﾃ四e-de-France,4,308,"Enseignement, formation",85.0,沺,9.3,,,,
190,AUTO ECOLE EDGAR,904219045,BOBIGNY,93000,ﾃ四e-de-France,5,306,"Enseignement, formation",85.0,沺,11.3,,,,
191,AUTO ECOLE DE LA VERSOIE,822928305,,,Auvergne-Rhﾃｴne-Alpes,4,305,"Enseignement, formation",85.0,沺,9.3,,,,
192,SOCIETE OLIVIER FORMATION PREVENTION SECURITE,912211711,LA GARDE,83130,Provence-Alpes-Cﾃｴte d'Azur,5,302,"Enseignement, formation",85.0,沺,11.3,,,,
193,ACCA,413125337,LYON 03,69432,Auvergne-Rhﾃｴne-Alpes,5,300,"Ressources humaines, gestion du personnel, gestion de l'emploi",85.0,沺,11.2,,,,
194,NEW CENTER CONDUITE,793957705,MARSEILLE 06,13006,Provence-Alpes-Cﾃｴte d'Azur,4,297,"Enseignement, formation",85.0,沺,9.2,,,,
195,AEQUALITY,901683557,PARIS 18,75018,ﾃ四e-de-France,4,296,"Ressources humaines, gestion du personnel, gestion de l'emploi",85.0,沺,9.2,,,,
196,C.E.R GARE D'ARGENTEUIL,538814888,,,ﾃ四e-de-France,5,295,"Enseignement, formation",85.0,沺,11.2,,,,
197,SARL LES 3 AS,831494927,VITROLLES,13127,Provence-Alpes-Cﾃｴte d'Azur,5,292,"Enseignement, formation",85.0,沺,11.2,,,,
198,LAGARDERE TRAVEL RETAIL FRANCE,542095336,,,ﾃ四e-de-France,4,291,"Commerce, vente",85.0,沺,9.2,,,,
199,SAFOR (SANTE FORMATION),408953164,,,Auvergne-Rhﾃｴne-Alpes,5,289,Spﾃｩcialitﾃｩs plurivalentes sanitaires et sociales,85.0,沺,11.2,,,,
200,AUTO ECOLE CFAC CHAMPIGNY,092092148,CHAMPIGNY SUR MARNE,94500,ﾃ四e-de-France,4,288,"Enseignement, formation",85.0,沺,9.2,,,,
201,AU BEL HAIR,751325828,ALFORTVILLE,94140,ﾃ四e-de-France,4,286,"Enseignement, formation",85.0,沺,9.2,,,,
202,IFOYAKA,843054032,LE PERREUX SUR MARNE,94170,ﾃ四e-de-France,4,285,Dﾃｩveloppement des capacitﾃｩs comportementales et relationnelles,85.0,沺,9.2,,,,
203,AD CONSEILS,501472831,,,Auvergne-Rhﾃｴne-Alpes,5,284,"Ressources humaines, gestion du personnel, gestion de l'emploi",85.0,沺,11.2,,,,
204,SD QUALITY,922398258,ECOUEN,95440,ﾃ四e-de-France,5,284,"Enseignement, formation",85.0,沺,11.2,,,,
205,AUTO MOTO ECOLE DE BRETAGNE,825128648,,,ﾃ四e-de-France,4,284,"Enseignement, formation",85.0,沺,9.2,,,,
206,SARL CENTRE AUTO ROUTIER (CAR),326834751,,,ﾃ四e-de-France,5,281,"Enseignement, formation",85.0,沺,11.2,,,,
207,K & S AUTO ECOLE,801878117,LE PLESSIS TREVISE,94420,ﾃ四e-de-France,4,279,"Enseignement, formation",85.0,沺,9.2,,,,
208,BLF  GROUPE  AUTO ECOLE ROUTE 91,820849552,MONTGERON,91230,ﾃ四e-de-France,4,276,"Enseignement, formation",85.0,沺,9.2,,,,
209,CDT RELATIONS HUMAINES,441598414,POISSY,78300,ﾃ四e-de-France,4,274,"Ressources humaines, gestion du personnel, gestion de l'emploi",85.0,沺,9.1,,,,
210,FMSS,894759752,ROISSY EN FRANCE,95700,ﾃ四e-de-France,4,273,"Transport, manutention, magasinage",85.0,沺,9.1,,,,
211,SECOURISME ET PREVENTION DU SUD OUEST,899459101,BIAS,47300,Nouvelle-Aquitaine,5,272,"Enseignement, formation",85.0,沺,11.1,,,,
212,ACCOMPAGNEMENT PROMOTION INSERTION   API PROVENCE,379333479,NICE,63000,Provence-Alpes-Cﾃｴte d'Azur,5,271,"Enseignement, formation",85.0,沺,11.1,,,,
213,ECOLE DE CONDUITE DE SARCELLES,888496328,SARCELLES,95200,ﾃ四e-de-France,5,271,"Enseignement, formation",85.0,沺,11.1,,,,
214,SELOMAN,908635717,BEZONS,95870,ﾃ四e-de-France,5,271,"Enseignement, formation",85.0,沺,11.1,,,,
215,FORSEDIS,420783235,PARIS 08,75008,ﾃ四e-de-France,4,269,"Transport, manutention, magasinage",85.0,沺,9.1,,,,
216,MY PERMIS,848232856,,,ﾃ四e-de-France,5,268,"Enseignement, formation",85.0,沺,11.1,,,,
217,AUTO ECOLE DE LA GARE DE VITRY,848313672,VITRY SUR SEINE,94400,ﾃ四e-de-France,5,267,"Enseignement, formation",85.0,沺,11.1,,,,
218,MONET TOLBIAC AUTO-ECOLE,800866261,PARIS 13,75013,ﾃ四e-de-France,4,265,"Enseignement, formation",85.0,沺,9.1,,,,
219,AIR CONSULTING SERVICES,798107389,,,ﾃ四e-de-France,5,261,Formations gﾃｩnﾃｩrales,85.0,沺,11.1,,,,
220,AEP AUTO ECOLE DU PARC,824453476,L ETANG LA VILLE,78620,ﾃ四e-de-France,5,260,"Enseignement, formation",85.0,沺,11.1,,,,
221,CONTACT CONDUITE,791076128,CHOISY LE ROI,94600,ﾃ四e-de-France,5,260,"Enseignement, formation",85.0,沺,11.1,,,,
222,AUTO ECOLE DE LA GARE,751386913,,,ﾃ四e-de-France,4,260,"Enseignement, formation",85.0,沺,9.1,,,,
223,DANY F ET L,750041501,LIEUSAINT,77127,ﾃ四e-de-France,5,259,"Enseignement, formation",85.0,沺,11.1,,,,
224,COOFA (COOPERER POUR UNE FORMATION ACCESSIBLE),891259616,,,ﾃ四e-de-France,5,258,"Enseignement, formation",85.0,沺,11.1,,,,
225,SAUVETAGE SECOURISME SECURITE INCENDIE,893326348,PARIS 07,75007,ﾃ四e-de-France,5,256,"Enseignement, formation",85.0,沺,11.1,,,,
226,AUTO ECOLE DU PETIT ROSNE,822725701,SARCELLES,95200,ﾃ四e-de-France,5,254,"Enseignement, formation",85.0,沺,11.1,,,,
227,AUTO ECOLE DEE PIERREFEU,824160543,PIERREFEU DU VAR,83390,Provence-Alpes-Cﾃｴte d'Azur,4,254,"Enseignement, formation",85.0,沺,9.1,,,,
228,AEG,838301943,ANTONY,92160,ﾃ四e-de-France,5,253,"Enseignement, formation",85.0,沺,11.1,,,,
229,T&S CONTROLE ET FORMATION,828279646,,,Auvergne-Rhﾃｴne-Alpes,5,253,"Enseignement, formation",85.0,沺,11.1,,,,
230,PERMIS SWIFT,831342845,YERRES,91330,ﾃ四e-de-France,4,253,"Enseignement, formation",85.0,沺,9.1,,,,
231,R.L.H AUTO ECOLE,844582668,ROSNY SOUS BOIS,93110,ﾃ四e-de-France,5,252,"Enseignement, formation",85.0,沺,11.1,,,,
232,AUTO ECOLE S.H.A.B,817541725,MAISONS ALFORT,94700,ﾃ四e-de-France,4,252,"Enseignement, formation",85.0,沺,9.1,,,,
233,DELTA CONSEIL,521284877,,,Centre-Val de Loire,4,252,"Ressources humaines, gestion du personnel, gestion de l'emploi",85.0,沺,9.1,,,,
234,GO FORMAT SAS,843974742,,,ﾃ四e-de-France,4,251,"Enseignement, formation",85.0,沺,9.0,,,,
235,REXIA,539121095,,,Auvergne-Rhﾃｴne-Alpes,5,250,"Secrﾃｩtariat, bureautique",85.0,沺,11.0,,,,
236,RAVAT CYRIL - RC CONSEIL FORMATION,423923614,,,Auvergne-Rhﾃｴne-Alpes,4,250,"Langues vivantes, civilisations ﾃｩtrangﾃｨres et rﾃｩgionales",85.0,沺,9.0,,,,
237,YC AUTO ECOLE,880396619,TAVERNY,95150,ﾃ四e-de-France,4,250,"Enseignement, formation",85.0,沺,9.0,,,,
238,MMC FORMATIONS,449244714,,,Provence-Alpes-Cﾃｴte d'Azur,5,249,"Enseignement, formation",85.0,沺,11.0,,,,
239,EXCAMINO,523039178,,,ﾃ四e-de-France,4,249,Dﾃｩveloppement des capacitﾃｩs comportementales et relationnelles,85.0,沺,9.0,,,,
240,MINDS UP,753018944,PARIS 19,75019,ﾃ四e-de-France,4,246,Dﾃｩveloppement des capacitﾃｩs comportementales et relationnelles,85.0,沺,9.0,,,,
241,ACTEUR JURIDIQUE,401748561,,,ﾃ四e-de-France,5,245,"Comptabilitﾃｩ, gestion",85.0,沺,11.0,,,,
242,WELLJOB COMPETENCES +,838413383,BIOT,64100,Provence-Alpes-Cﾃｴte d'Azur,5,243,"Commerce, vente",85.0,沺,11.0,,,,
243,EC CONDUITE ET FORMATION,529122517,CAVAILLON,84300,Provence-Alpes-Cﾃｴte d'Azur,5,242,"Enseignement, formation",85.0,沺,11.0,,,,
244,HFC CONDUITE,921335063,FONTENAY AUX ROSES,92260,ﾃ四e-de-France,5,240,"Enseignement, formation",85.0,沺,11.0,,,,
245,CLE EN MAIN - OBJECTIF PERMIS,844336875,GOUSSAINVILLE,95190,ﾃ四e-de-France,4,240,"Enseignement, formation",85.0,沺,9.0,,,,
246,OF EA,849022066,DRAGUIGNAN,83300,Provence-Alpes-Cﾃｴte d'Azur,4,238,"Electricitﾃｩ, ﾃｩlectronique (non compris automatisme et productique)",85.0,沺,9.0,,,,
247,TOP CONDUITE,820180998,GAGNY,93220,ﾃ四e-de-France,5,236,"Enseignement, formation",85.0,沺,11.0,,,,
248,ASSOLEM,808908529,LYON 01,69203,Auvergne-Rhﾃｴne-Alpes,5,235,"Commerce, vente",85.0,沺,11.0,,,,
249,GW CONSEIL,322960873,,,ﾃ四e-de-France,5,235,"Commerce, vente",85.0,沺,11.0,,,,
250,SYNAPS FORMATION,902895358,CALUIRE ET CUIRE,69300,Auvergne-Rhﾃｴne-Alpes,4,235,Dﾃｩveloppement des capacitﾃｩs comportementales et relationnelles,85.0,沺,9.0,,,,
251,S.D.B.O.,479219248,PARIS 15,75015,ﾃ四e-de-France,4,232,"Enseignement, formation",85.0,沺,9.0,,,,
252,AUTO ECOLE DUCHEMIN,333364495,THIAIS,94320,ﾃ四e-de-France,4,231,"Enseignement, formation",85.0,沺,9.0,,,,
253,AUTO ECOLE PARC SAINT THYS,492192141,MARSEILLE 10,13010,Provence-Alpes-Cﾃｴte d'Azur,5,225,"Enseignement, formation",85.0,沺,10.9,,,,
254,QUALIPERMIS,539726935,ARGENTEUIL,95100,ﾃ四e-de-France,5,225,"Enseignement, formation",85.0,沺,10.9,,,,
255,AUTHENTEAM,834909848,,,Provence-Alpes-Cﾃｴte d'Azur,5,224,Dﾃｩveloppement des capacitﾃｩs comportementales et relationnelles,85.0,沺,10.9,,,,
256,DELLA,513926063,LA MOTTE SERVOLEX,73290,Auvergne-Rhﾃｴne-Alpes,4,223,"Enseignement, formation",85.0,沺,8.9,,,,
257,CFPL CONSEIL FORMATION PASCAL LECLERC,789362324,LA CIOTAT,13600,Provence-Alpes-Cﾃｴte d'Azur,4,221,"Commerce, vente",85.0,沺,8.9,,,,
258,ARS DICENDI,531589786,,,ﾃ四e-de-France,4,220,Dﾃｩveloppement des capacitﾃｩs comportementales et relationnelles,85.0,沺,8.9,,,,
259,CARMEN PERMIS,800167718,NOGENT SUR MARNE,94130,ﾃ四e-de-France,4,220,"Enseignement, formation",85.0,沺,8.9,,,,
260,DAM CONSEILS,508249248,ECULLY,69130,Auvergne-Rhﾃｴne-Alpes,4,220,Dﾃｩveloppement des capacitﾃｩs comportementales et relationnelles,85.0,沺,8.9,,,,
261,SARL AUTO-ECOLE LYON PERMIS,818234536,LYON 07,69007,Auvergne-Rhﾃｴne-Alpes,4,213,"Enseignement, formation",85.0,沺,8.9,,,,
262,CREAGILE,795278662,,,ﾃ四e-de-France,5,212,Spﾃｩcialitﾃｩs plurivalentes des ﾃｩchanges et de la gestion,85.0,沺,10.9,,,,
263,SARL M2000 EURO CONDUITE,393830567,AIX EN PROVENCE,13090,Provence-Alpes-Cﾃｴte d'Azur,5,212,"Enseignement, formation",85.0,沺,10.9,,,,
264,ECOLE DE CONDUITE DE LA PREFECTURE,509623698,,,Auvergne-Rhﾃｴne-Alpes,4,212,"Enseignement, formation",85.0,沺,8.9,,,,
265,2LP CONSULTING,515375168,,,ﾃ四e-de-France,5,208,"Comptabilitﾃｩ, gestion",85.0,沺,10.9,,,,
266,L2R,853321859,,,ﾃ四e-de-France,4,207,"Enseignement, formation",85.0,沺,8.9,,,,
267,AUTO ECOLE DU 11,834259269,PARIS 11,75011,ﾃ四e-de-France,4,206,"Enseignement, formation",85.0,沺,8.9,,,,
268,Association Universitaire d''Odontologie Garanciﾃｨre,784278218,PARIS 06,75006,ﾃ四e-de-France,4,205,"Enseignement, formation",85.0,沺,8.9,,,,
269,Ecole de conduite CFR La Gare,832770416,,,ﾃ四e-de-France,4,205,"Enseignement, formation",85.0,沺,8.9,,,,
270,ESR NEUILLY PLAISANCE,794937359,NEUILLY PLAISANCE,93360,ﾃ四e-de-France,4,205,"Enseignement, formation",85.0,沺,8.9,,,,
271,J AND C ENTREPRISE,984030088,CROISSY SUR SEINE,78290,ﾃ四e-de-France,4,205,"Enseignement, formation",85.0,沺,8.9,,,,
272,ECF JALARI,835283878,MEAUX,77100,ﾃ四e-de-France,5,203,"Enseignement, formation",85.0,沺,10.8,,,,
273,TOP DRIVER - KAIS -,538931296,,,ﾃ四e-de-France,4,203,"Enseignement, formation",85.0,沺,8.8,,,,
274,CER EXCEL,810710764,,,ﾃ四e-de-France,4,202,"Enseignement, formation",85.0,沺,8.8,,,,
275,HEA CONSEIL,528336803,,,ﾃ四e-de-France,4,202,Dﾃｩveloppement des capacitﾃｩs comportementales et relationnelles,85.0,沺,8.8,,,,
276,PERMIS EXPRESS,831456777,LES LILAS,93260,ﾃ四e-de-France,5,201,"Enseignement, formation",85.0,沺,10.8,,,,
277,SASU CER MERMOZ DRIVE,789074101,,,ﾃ四e-de-France,5,201,"Enseignement, formation",85.0,沺,10.8,,,,
278,CER LES VOLCANS,843484197,RIOM,63200,Auvergne-Rhﾃｴne-Alpes,5,200,"Enseignement, formation",85.0,沺,10.8,,,,
279,FUNROAD 06,491955506,,,Provence-Alpes-Cﾃｴte d'Azur,5,200,"Enseignement, formation",85.0,沺,10.8,,,,
280,JEAN MARC RIGOLET,408631356,OZOIR LA FERRIERE,77330,ﾃ四e-de-France,5,200,"Sﾃｩcuritﾃｩ des biens et des personnes, police, surveillance",85.0,沺,10.8,,,,
281,2S FORMATIONS,919991729,CORMEILLES EN PARISIS,95240,ﾃ四e-de-France,4,200,"Enseignement, formation",85.0,沺,8.8,,,,
282,AUTO ECOLE MONGE,913512018,SAVIGNY SUR ORGE,91600,ﾃ四e-de-France,4,200,"Enseignement, formation",85.0,沺,8.8,,,,
283,DEMIREL,818628729,L ISLE D ABEAU,38080,Auvergne-Rhﾃｴne-Alpes,4,200,"Enseignement, formation",85.0,沺,8.8,,,,
284,AMPLITUDE FORMATION,898494406,TRETS,13530,Provence-Alpes-Cﾃｴte d'Azur,5,191,Dﾃｩveloppement des capacitﾃｩs comportementales et relationnelles,85.0,沺,10.8,,,,
285,SAS CV,808167688,ST HIPPOLYTE,66510,Occitanie,5,190,"Ressources humaines, gestion du personnel, gestion de l'emploi",85.0,沺,10.8,,,,
286,SBW CONSEIL,834423741,,,Auvergne-Rhﾃｴne-Alpes,4,148,"Ressources humaines, gestion du personnel, gestion de l'emploi",85.0,沺,8.6,,,,
287,PROGRESSENCE,804175701,,,Auvergne-Rhﾃｴne-Alpes,4,140,Dﾃｩveloppement des capacitﾃｩs comportementales et relationnelles,85.0,沺,8.6,,,,
288,E(YE)MOTION,822316436,TOULOUSE,31200,Occitanie,4,136,"Ressources humaines, gestion du personnel, gestion de l'emploi",85.0,沺,8.6,,,,
289,REIFLER EVA  VISIONPURE,529368037,,,Provence-Alpes-Cﾃｴte d'Azur,5,124,"Enseignement, formation",85.0,沺,10.5,,,,
290,ADDERUS,793993098,,,ﾃ四e-de-France,4,122,Dﾃｩveloppement des capacitﾃｩs comportementales et relationnelles,85.0,沺,8.5,,,,
291,INSTITUT CONCERTO,510687247,,,ﾃ四e-de-France,5,116,Dﾃｩveloppement des capacitﾃｩs comportementales et relationnelles,85.0,沺,10.5,,,,
292,A SENS OUVERT,510152721,LYON 01,69001,Auvergne-Rhﾃｴne-Alpes,4,107,Dﾃｩveloppement des capacitﾃｩs comportementales et relationnelles,85.0,沺,8.4,,,,
293,STRATEGIE REBOND,809888704,,,Auvergne-Rhﾃｴne-Alpes,4,103,Dﾃｩveloppement des capacitﾃｩs comportementales et relationnelles,85.0,沺,8.4,,,,
294,SF  AUTO   ECOLE,838122257,,,ﾃ四e-de-France,5,101,"Enseignement, formation",85.0,沺,10.4,,,,
295,AXXIS FORMATION SANTE,381746213,COURBEVOIE,92400,ﾃ四e-de-France,5,85,"Ressources humaines, gestion du personnel, gestion de l'emploi",85.0,沺,10.4,,,,
296,GROUPE CINEO,531370732,,,ﾃ四e-de-France,4,71,"Ressources humaines, gestion du personnel, gestion de l'emploi",85.0,沺,8.3,,,,
297,EVOLVANCE,812904365,,,ﾃ四e-de-France,4,56,"Ressources humaines, gestion du personnel, gestion de l'emploi",85.0,沺,8.2,,,,
298,STORIA FORMATION,895245793,SEREZIN DU RHONE,69360,Auvergne-Rhﾃｴne-Alpes,4,50,"Ressources humaines, gestion du personnel, gestion de l'emploi",85.0,沺,8.2,,,,
299,CEPIA,519492276,,,Auvergne-Rhﾃｴne-Alpes,5,47,"Ressources humaines, gestion du personnel, gestion de l'emploi",82.0,沺,10.2,,,,
300,STEPHANE PALMIER CONSULTING,920820362,AURILLAC,15000,Auvergne-Rhﾃｴne-Alpes,4,44,Dﾃｩveloppement des capacitﾃｩs comportementales et relationnelles,82.0,沺,8.2,,,,
301,FOX GRH,853760841,PARIS 08,75008,ﾃ四e-de-France,4,26,"Ressources humaines, gestion du personnel, gestion de l'emploi",82.0,沺,8.1,,,,
302,COMPROFILES INSTITUTE,333633139,AIX EN PROVENCE,13540,Provence-Alpes-Cﾃｴte d'Azur,5,21,"Ressources humaines, gestion du personnel, gestion de l'emploi",82.0,沺,10.1,,,,
303,ESPRIT SKOLE,980691026,VENISSIEUX,69200,Auvergne-Rhﾃｴne-Alpes,4,18,"Ressources humaines, gestion du personnel, gestion de l'emploi",82.0,沺,8.1,,,,
304,ASSERTIVE CAREER MENTORING,529996548,,,ﾃ四e-de-France,4,10,"Ressources humaines, gestion du personnel, gestion de l'emploi",82.0,沺,8.0,,,,
305,YLOS7,508508769,PARIS 17,75017,ﾃ四e-de-France,5,9,"Ressources humaines, gestion du personnel, gestion de l'emploi",82.0,沺,10.0,,,,
306,SARL CVH,483463584,,,Occitanie,7,8401,"Dﾃｩveloppement des capacitﾃｩs d'orientation, d'insertion ou de rﾃｩinsertion sociales et professionnelles",80.0,沺,49.0,,,,
307,REVERTO,841498942,,,Auvergne-Rhﾃｴne-Alpes,7,6820,Dﾃｩveloppement des capacitﾃｩs comportementales et relationnelles,80.0,沺,42.4,,,,
308,EGS (NOM COMMERCIAL FORMAFORCE),951013804,,,Hauts-de-France,5,3985,Bﾃ｢timent: construction et couverture,80.0,沺,26.6,,,,
309,TRIANGLE INCENDIE,487753741,,,Hauts-de-France,5,2244,"Enseignement, formation",80.0,沺,19.4,,,,
310,ad aliis,534256144,,,Auvergne-Rhﾃｴne-Alpes,3,2196,Dﾃｩveloppement des capacitﾃｩs comportementales et relationnelles,80.0,沺,15.2,,,,
311,CABINET AZAIS PREVENTION ET EXPERTISE,807575931,,,Nouvelle-Aquitaine,7,2135,"Enseignement, formation",80.0,沺,22.9,,,,
312,SCALE UP LEARNING,894828854,LE PERRAY EN YVELINES,78610,ﾃ四e-de-France,6,2025,Dﾃｩveloppement des capacitﾃｩs comportementales et relationnelles,80.0,沺,20.4,,,,
313,ODYSSEE INFORMATIQUE SAS,388126773,,,Nouvelle-Aquitaine,4,2014,"Comptabilitﾃｩ, gestion",80.0,沺,16.4,,,,
314,FORMASIP,818793911,BOURG SAINT CHRISTOPHE,18000,Auvergne-Rhﾃｴne-Alpes,6,1826,"Enseignement, formation",80.0,沺,19.6,,,,
315,C.T.C.,531495463,,,Auvergne-Rhﾃｴne-Alpes,7,1823,"Agro-alimentaire, alimentation, cuisine",80.0,沺,21.6,,,,
316,EFFICITY,497617746,,,ﾃ四e-de-France,3,1791,Dﾃｩveloppement des capacitﾃｩs comportementales et relationnelles,80.0,沺,13.5,,,,
317,LE PRACTICE,439581232,,,Provence-Alpes-Cﾃｴte d'Azur,7,1705,Spﾃｩcialitﾃｩs plurivalentes des ﾃｩchanges et de la gestion,80.0,沺,21.1,,,,
318,LA BOITE D ASSEMBLAGE,492589197,,,ﾃ四e-de-France,3,1641,"Agro-alimentaire, alimentation, cuisine",80.0,沺,12.8,,,,
319,ASSOCIATION  JEUNESSE   AVENIR,775676422,PARIS 09,75009,ﾃ四e-de-France,10,1608,"Enseignement, formation",80.0,沺,26.7,,,,
320,SARL TESSERE,453084493,,,Pays de la Loire,6,1519,"Ressources humaines, gestion du personnel, gestion de l'emploi",80.0,沺,18.3,,,,
321,LOOMIS FORMATION,500993035,,,ﾃ四e-de-France,9,1496,"Enseignement, formation",80.0,沺,24.2,,,,
322,SMF,750087314,BOURG EN BRESSE,10000,Auvergne-Rhﾃｴne-Alpes,6,1487,"Enseignement, formation",80.0,沺,18.2,,,,
323,CEDIAL,404386393,GIVORS,69700,Auvergne-Rhﾃｴne-Alpes,3,1455,"Agro-alimentaire, alimentation, cuisine",80.0,沺,12.1,,,,
324,ACTEURS DE LIEN,794280388,PARIS 16,75016,ﾃ四e-de-France,7,1403,Dﾃｩveloppement des capacitﾃｩs comportementales et relationnelles,80.0,沺,19.8,,,,
325,ECOLE DE TAXI HOCINE YOUSFI,794722306,PARIS 11,75011,ﾃ四e-de-France,7,1385,"Enseignement, formation",80.0,沺,19.8,,,,
326,CENTAURE PARIS-NORMANDIE,379207648,,,Normandie,5,1382,"Enseignement, formation",80.0,沺,15.8,,,,
327,SABATA ANNE-LAURE,753198779,,,Normandie,4,1311,"Enseignement, formation",80.0,沺,13.5,,,,
328,DIALOGANCE FORMATION,538485293,,,Auvergne-Rhﾃｴne-Alpes,3,1291,Dﾃｩveloppement des capacitﾃｩs comportementales et relationnelles,80.0,沺,11.4,,,,
329,ALAN SERVICES,908361314,,,ﾃ四e-de-France,7,1282,Dﾃｩveloppement des capacitﾃｩs comportementales et relationnelles,80.0,沺,19.3,,,,
330,L'ECOLE DU RECRUTEMENT,809599756,,,ﾃ四e-de-France,3,1282,"Ressources humaines, gestion du personnel, gestion de l'emploi",80.0,沺,11.3,,,,
331,SYDO,498486307,LYON 01,69001,Auvergne-Rhﾃｴne-Alpes,3,1273,Formations gﾃｩnﾃｩrales,80.0,沺,11.3,,,,
332,BIENVEILLANCE,833982648,,,Auvergne-Rhﾃｴne-Alpes,6,1245,"Enseignement, formation",80.0,沺,17.2,,,,
333,ACTEO CONSULTING,450736558,PARIS 15,75015,ﾃ四e-de-France,7,1205,Dﾃｩveloppement des capacitﾃｩs comportementales et relationnelles,80.0,沺,19.0,,,,
334,S.A.R.L. 5A FORMATIONS,793600115,REIGNIER ESERY,74930,Auvergne-Rhﾃｴne-Alpes,3,1204,"Transport, manutention, magasinage",80.0,沺,11.0,,,,
335,PREVI 2 S,803475656,VARCES ALLIERES ET RISSET,38760,Auvergne-Rhﾃｴne-Alpes,3,1200,"Enseignement, formation",80.0,沺,11.0,,,,
336,SYSTEMIC CONSEIL,049053378,,,ﾃ四e-de-France,6,1193,Dﾃｩveloppement des capacitﾃｩs comportementales et relationnelles,80.0,沺,17.0,,,,
337,CBE SUD LUBERON-VAL DE DURANCE,326676806,PERTUIS,84120,Provence-Alpes-Cﾃｴte d'Azur,6,1145,Formations gﾃｩnﾃｩrales,80.0,沺,16.8,,,,
338,FH2R CONSEIL - SENDRA FREDERIC,498099324,,,Centre-Val de Loire,4,1133,Dﾃｩveloppement des capacitﾃｩs comportementales et relationnelles,80.0,沺,12.7,,,,
339,EXECO,488771577,FONTAINE,38600,Auvergne-Rhﾃｴne-Alpes,7,1123,"Ressources humaines, gestion du personnel, gestion de l'emploi",80.0,沺,18.7,,,,
340,CRISIS PREVENTION INSTITUTE  INC,889163333,,,ﾃ四e-de-France,6,1112,"Enseignement, formation",80.0,沺,16.6,,,,
341,GREENBULL CAMPUS FRANCE,831622089,,,Provence-Alpes-Cﾃｴte d'Azur,6,1040,"Commerce, vente",80.0,沺,16.3,,,,
342,SPARRING PARTNERS CONSEIL,844437582,GRENOBLE,38100,Auvergne-Rhﾃｴne-Alpes,3,1025,Dﾃｩveloppement des capacitﾃｩs comportementales et relationnelles,80.0,沺,10.3,,,,
343,RESSOURCES 2,509664702,PIN,70150,Bourgogne-Franche-Comtﾃｩ,4,1019,Dﾃｩveloppement des capacitﾃｩs comportementales et relationnelles,80.0,沺,12.2,,,,
344,HORS PISTE CONSEIL,881424519,,,Provence-Alpes-Cﾃｴte d'Azur,6,999,"Ressources humaines, gestion du personnel, gestion de l'emploi",80.0,沺,16.2,,,,
345,TH CONSEIL,478312614,LYON 03,69003,Auvergne-Rhﾃｴne-Alpes,7,989,"Ressources humaines, gestion du personnel, gestion de l'emploi",80.0,沺,18.1,,,,
346,GROUPE EXCEL,489894014,,,ﾃ四e-de-France,6,974,"Comptabilitﾃｩ, gestion",80.0,沺,16.1,,,,
347,ARRET SUR IMAGE,524514015,PARIS 16,75016,ﾃ四e-de-France,7,973,"Ressources humaines, gestion du personnel, gestion de l'emploi",80.0,沺,18.1,,,,
348,CAP ACADEMIE,914773395,MOUANS SARTOUX,63700,Provence-Alpes-Cﾃｴte d'Azur,3,908,"Comptabilitﾃｩ, gestion",80.0,沺,9.8,,,,
349,CARINEL,812372027,,,ﾃ四e-de-France,7,900,Dﾃｩveloppement des capacitﾃｩs comportementales et relationnelles,80.0,沺,17.8,,,,
350,SPARTAN CONSULTING,802085944,,,Auvergne-Rhﾃｴne-Alpes,6,897,"Ressources humaines, gestion du personnel, gestion de l'emploi",80.0,沺,15.7,,,,
351,MAUJONNET CONSULTING,815375431,PONTOISE,95300,ﾃ四e-de-France,6,893,Dﾃｩveloppement des capacitﾃｩs comportementales et relationnelles,80.0,沺,15.7,,,,
352,L'ATELIER DES PARENTS ET COMPAGNIE,799659669,,,ﾃ四e-de-France,9,844,"Enseignement, formation",80.0,沺,21.5,,,,
353,WAKE UP FORMATIONS,532420486,,,ﾃ四e-de-France,7,822,Dﾃｩveloppement des capacitﾃｩs comportementales et relationnelles,80.0,沺,17.4,,,,
354,ACCES FORMATION,398606509,CHATEAU THIERRY,24000,Hauts-de-France,7,817,"Ressources humaines, gestion du personnel, gestion de l'emploi",80.0,沺,17.4,,,,
355,CENTRE D'EDUCATION ET SECURITE ROUTIERE 20,488152703,BIGUGLIA,20620,Corse,5,815,"Enseignement, formation",80.0,沺,13.4,,,,
356,ALTER EGAUX,789290053,,,Provence-Alpes-Cﾃｴte d'Azur,6,814,Dﾃｩveloppement des capacitﾃｩs comportementales et relationnelles,80.0,沺,15.4,,,,
357,COIFFIER-GORLA RAFFAELA,795128909,TALLENDE,63450,Auvergne-Rhﾃｴne-Alpes,6,811,"Ressources humaines, gestion du personnel, gestion de l'emploi",80.0,沺,15.4,,,,
358,ITYCOM FRANCE,514475391,,,Auvergne-Rhﾃｴne-Alpes,6,802,"Enseignement, formation",80.0,沺,15.3,,,,
359,ME FORMATION,920888955,PARIS 08,75008,ﾃ四e-de-France,7,787,"Enseignement, formation",80.0,沺,17.3,,,,
360,ERIC PELTIER,513588483,,,Provence-Alpes-Cﾃｴte d'Azur,3,782,Bﾃ｢timent: construction et couverture,80.0,沺,9.3,,,,
361,SECOURSFORM,832945521,,,ﾃ四e-de-France,3,775,"Enseignement, formation",80.0,沺,9.2,,,,
362,ACT PLUS CONSULTING,799357447,,,Bretagne,6,755,"Ressources humaines, gestion du personnel, gestion de l'emploi",80.0,沺,15.1,,,,
363,VALEURS ET DEVELOPPEMENT,533931275,,,ﾃ四e-de-France,7,747,"Ressources humaines, gestion du personnel, gestion de l'emploi",80.0,沺,17.1,,,,
364,WEST CONSEIL,514726009,,,Pays de la Loire,5,747,Dﾃｩveloppement des capacitﾃｩs comportementales et relationnelles,80.0,沺,13.1,,,,
365,SARL.EFD CONSULTING,452723091,RODILHAN,30230,Occitanie,3,730,"Ressources humaines, gestion du personnel, gestion de l'emploi",80.0,沺,9.0,,,,
366,TRAINING IS ART,901611145,LE CHESNAY,78150,ﾃ四e-de-France,3,729,Dﾃｩveloppement des capacitﾃｩs comportementales et relationnelles,80.0,沺,9.0,,,,
367,THE TALENT NETWORK,852965946,,,Hauts-de-France,5,719,Spﾃｩcialitﾃｩs plurivalentes des ﾃｩchanges et de la gestion,80.0,沺,13.0,,,,
368,AZUR CONSEILS ET SOLUTIONS,851072215,,,ﾃ四e-de-France,6,683,Moteurs et mﾃｩcanique auto,80.0,沺,14.8,,,,
369,KIFACOAL IDLP CONSEIL,478481856,,,Bretagne,5,673,"Enseignement, formation",80.0,沺,12.8,,,,
370,SLFC,978825826,LE CONTROIS-EN-SOLOGNE,41120,Centre-Val de Loire,4,666,"Enseignement, formation",80.0,沺,10.8,,,,
371,GENERA ET ASSOCIES,843461161,MEYLAN,38240,Auvergne-Rhﾃｴne-Alpes,3,662,"Ressources humaines, gestion du personnel, gestion de l'emploi",80.0,沺,8.8,,,,
372,PIERRE MORIZE CONSEIL,404566333,,,Auvergne-Rhﾃｴne-Alpes,7,658,Dﾃｩveloppement des capacitﾃｩs comportementales et relationnelles,80.0,沺,16.7,,,,
373,A.F.P. ACCOMPAGNEMENT FORMATION PERSONNALISEE,915081038,JUSSY,57130,Grand Est,3,654,"Enseignement, formation",80.0,沺,8.7,,,,
374,EURL ALPES FORMATIONS CONSEILS,804550564,,,Provence-Alpes-Cﾃｴte d'Azur,6,647,"Enseignement, formation",80.0,沺,14.7,,,,
375,POLE FORMATION SANTE URGENCE CONSULTING  -  PFSUC,878762384,MEIGNEUX,77520,ﾃ四e-de-France,6,647,"Enseignement, formation",80.0,沺,14.7,,,,
376,KAS CONDUITE,978733384,VAUREAL,95490,ﾃ四e-de-France,7,645,"Enseignement, formation",80.0,沺,16.7,,,,
377,POURQUOI PAS,327194981,,,Auvergne-Rhﾃｴne-Alpes,7,645,"Dﾃｩveloppement des capacitﾃｩs d'orientation, d'insertion ou de rﾃｩinsertion sociales et professionnelles",80.0,沺,16.7,,,,
378,SAS ANDRIEU,340797554,CLERMONT FERRAND,63100,Auvergne-Rhﾃｴne-Alpes,3,644,Formations gﾃｩnﾃｩrales,80.0,沺,8.7,,,,
379,CER PASTEUR,535053318,,,ﾃ四e-de-France,6,641,"Enseignement, formation",80.0,沺,14.7,,,,
380,SEBASTIEN GRANDJEAN,845210129,NANTES,44000,Pays de la Loire,4,631,"Ressources humaines, gestion du personnel, gestion de l'emploi",80.0,沺,10.6,,,,
381,AFMS ASS FORMATION MANUTENTION SECURITE,443078761,LES MUREAUX,78130,ﾃ四e-de-France,6,626,"Enseignement, formation",80.0,沺,14.6,,,,
382,CONSEIL EVOLUTION,439049057,ST PAIR SUR MER,50380,Normandie,3,625,"Ressources humaines, gestion du personnel, gestion de l'emploi",80.0,沺,8.6,,,,
383,STRATMUT CONSEIL PLENITUDES,353052168,,,Pays de la Loire,5,595,"Ressources humaines, gestion du personnel, gestion de l'emploi",80.0,沺,12.5,,,,
384,BERIMBAO,398652974,NANTES,44000,Pays de la Loire,5,585,Dﾃｩveloppement des capacitﾃｩs comportementales et relationnelles,80.0,沺,12.4,,,,
385,IDEM PER IDEM CONSULTANTS,400879607,,,ﾃ四e-de-France,3,584,Dﾃｩveloppement des capacitﾃｩs comportementales et relationnelles,80.0,沺,8.4,,,,
386,SOS CONDUITE,892556663,VAUX LE PENIL,77000,ﾃ四e-de-France,7,580,"Enseignement, formation",80.0,沺,16.4,,,,
387,D'UNE RIVE A L'AUTRE,951389188,,,Bretagne,5,575,Dﾃｩveloppement des capacitﾃｩs comportementales et relationnelles,80.0,沺,12.4,,,,
388,ZEPRESENTERS,800418558,PARIS 03,75003,ﾃ四e-de-France,6,568,Dﾃｩveloppement des capacitﾃｩs comportementales et relationnelles,80.0,沺,14.4,,,,
389,POLE POSITION,840923138,OZOIR LA FERRIERE,77330,ﾃ四e-de-France,6,562,"Enseignement, formation",80.0,沺,14.3,,,,
390,WAY INSIDE,829078872,,,Provence-Alpes-Cﾃｴte d'Azur,6,561,"Enseignement, formation",80.0,沺,14.3,,,,
391,SAS EFFILA,533314918,AJACCIO,20000,Corse,3,554,"Ressources humaines, gestion du personnel, gestion de l'emploi",80.0,沺,8.3,,,,
392,PHILIPPE BERTHEUIL CONSULTANTS ILE DE FRANCE,488866138,,,ﾃ四e-de-France,6,551,"Commerce, vente",80.0,沺,14.3,,,,
393,BOOST UP,445314966,COURBEVOIE,92400,ﾃ四e-de-France,3,551,Dﾃｩveloppement des capacitﾃｩs comportementales et relationnelles,80.0,沺,8.3,,,,
394,SAS CATALYSE FORMATION,849942867,,,ﾃ四e-de-France,6,548,Dﾃｩveloppement des capacitﾃｩs comportementales et relationnelles,80.0,沺,14.3,,,,
395,PRESTA R.H.,510020746,VICHY,32000,Auvergne-Rhﾃｴne-Alpes,8,546,"Ressources humaines, gestion du personnel, gestion de l'emploi",80.0,沺,18.3,,,,
396,FEDERATION DES OEUVRES LAIQUES,775608482,AGEN,47000,Nouvelle-Aquitaine,4,544,Dﾃｩveloppement des capacitﾃｩs mentales et apprentissages de base,80.0,沺,10.3,,,,
397,Madame LAURA SACCUCCI,452421043,,,Grand Est,5,543,Formations gﾃｩnﾃｩrales,80.0,沺,12.3,,,,
398,GRM SARL,423587732,,,Pays de la Loire,4,543,"Ressources humaines, gestion du personnel, gestion de l'emploi",80.0,沺,10.3,,,,
399,CFMSS CTRE DEPARTEMENTAL FORMA TION SPORTIFS ET MONITEURS,414869149,MARSEILLE 11,13011,Provence-Alpes-Cﾃｴte d'Azur,7,541,"Enseignement, formation",80.0,沺,16.3,,,,
400,LES ENTREPRISES POUR LA CITE,382154409,PARIS 10,75010,ﾃ四e-de-France,7,538,"Ressources humaines, gestion du personnel, gestion de l'emploi",80.0,沺,16.2,,,,
401,rachel aubert consult,808632723,,,ﾃ四e-de-France,3,526,Histoire,80.0,沺,8.2,,,,
402,EIKOS CONCEPTS,381125491,,,ﾃ四e-de-France,3,517,"Commerce, vente",80.0,沺,8.2,,,,
403,PERMASENS CONSEIL,909455701,SALON DE PROVENCE,13300,Provence-Alpes-Cﾃｴte d'Azur,3,512,"Ressources humaines, gestion du personnel, gestion de l'emploi",80.0,沺,8.1,,,,
404,INSTITUT  FRANCAIS DU MANAGEMENT,789560828,PARIS 14,75014,ﾃ四e-de-France,8,511,Dﾃｩveloppement des capacitﾃｩs comportementales et relationnelles,80.0,沺,18.1,,,,
405,INSTITUT DE FORMATION DES ELUS LOCAUX,395215171,,,ﾃ四e-de-France,7,506,"Droit, sciences politiques",80.0,沺,16.1,,,,
406,PROGRESS SARL,389787102,TOULOUSE,31100,Occitanie,3,506,"Ressources humaines, gestion du personnel, gestion de l'emploi",80.0,沺,8.1,,,,
407,EASY PERMIS 78,813716048,MANTES LA VILLE,78711,ﾃ四e-de-France,6,503,"Enseignement, formation",80.0,沺,14.1,,,,
408,AUTO ECOLE GP CONDUITE,504447358,PARIS 14,75014,ﾃ四e-de-France,7,502,"Enseignement, formation",80.0,沺,16.1,,,,
409,EUROBOGEN,881770887,STRASBOURG,67000,Grand Est,7,499,"Ressources humaines, gestion du personnel, gestion de l'emploi",80.0,沺,16.1,,,,
410,PARE A ROULER,800411837,LE TAILLAN MEDOC,33320,Nouvelle-Aquitaine,4,492,"Enseignement, formation",80.0,沺,10.1,,,,
411,LEXEGALIS,801138058,AIX EN PROVENCE,13290,Provence-Alpes-Cﾃｴte d'Azur,5,489,"Droit, sciences politiques",80.0,沺,12.0,,,,
412,ECOLE DE NUMEROLOGIE STRATEGIQUE (EDNS),951950716,VILLENAVE D ORNON,33140,Nouvelle-Aquitaine,4,486,"Dﾃｩveloppement des capacitﾃｩs d'orientation, d'insertion ou de rﾃｩinsertion sociales et professionnelles",80.0,沺,10.0,,,,
413,MCEF,529204257,PEILLAC,56220,Bretagne,5,475,"Ressources humaines, gestion du personnel, gestion de l'emploi",80.0,沺,12.0,,,,
414,CLASS'DRIVE,851294322,MONTIGNY LES METZ,57950,Grand Est,4,470,"Enseignement, formation",80.0,沺,10.0,,,,
415,AUTO-ECOLE ALIENOR LORMONT,897469961,LORMONT,33310,Nouvelle-Aquitaine,5,466,"Enseignement, formation",80.0,沺,11.9,,,,
416,E-WORKS,832628515,VRIGNE AUX BOIS,83300,Grand Est,5,433,"Commerce, vente",80.0,沺,11.8,,,,
417,KINEMA4,898319058,LYON 06,69006,Auvergne-Rhﾃｴne-Alpes,5,429,"Commerce, vente",80.0,沺,11.8,,,,
418,ASSOCIATION LYONNAISE POUR L'INSERTION ECONOMIQUE ET SOCIALE (ALLIES),405404888,LYON 07,69007,Auvergne-Rhﾃｴne-Alpes,9,425,"Ressources humaines, gestion du personnel, gestion de l'emploi",80.0,沺,19.8,,,,
419,2A ACCOMPAGNER AUTREMENT SAS,809170897,TOULOUSE,31400,Occitanie,6,417,"Ressources humaines, gestion du personnel, gestion de l'emploi",80.0,沺,13.7,,,,
420,La Boetie Partners,827998907,,,ﾃ四e-de-France,9,413,Dﾃｩveloppement des capacitﾃｩs comportementales et relationnelles,80.0,沺,19.7,,,,
421,L'OCEANE,507797009,,,Nouvelle-Aquitaine,4,413,"Comptabilitﾃｩ, gestion",80.0,沺,9.7,,,,
422,AUTO MOTO ECOLE FONTAINE LESTANG,509059291,TOULOUSE,31100,Occitanie,5,403,"Enseignement, formation",80.0,沺,11.7,,,,
423,office prime,802116152,CUDOS,33430,Nouvelle-Aquitaine,5,400,"Productions vﾃｩgﾃｩtales,cultures spﾃｩcialisﾃｩes",80.0,沺,11.7,,,,
424,AUTO MOTO ECOLE JU'NIEN,753510791,,,Nouvelle-Aquitaine,4,380,"Enseignement, formation",80.0,沺,9.6,,,,
425,ITERACTION,490978137,,,Occitanie,5,364,"Ressources humaines, gestion du personnel, gestion de l'emploi",80.0,沺,11.5,,,,
426,NETAC,750668798,MONTPELLIER,34000,Occitanie,4,364,Bﾃ｢timent: finitions,80.0,沺,9.5,,,,
427,ANTOINE RUIZ CONSULTANT,749820973,,,Provence-Alpes-Cﾃｴte d'Azur,4,363,"Transport, manutention, magasinage",80.0,沺,9.5,,,,
428,L'AUTO ECOLE DE LA GARE,819166802,ASNIERES SUR SEINE,92600,ﾃ四e-de-France,5,362,Formations gﾃｩnﾃｩrales,80.0,沺,11.5,,,,
429,Madame SOPHIE TRUCHOT,947504049,PARIS 18,75018,ﾃ四e-de-France,3,361,Dﾃｩveloppement des capacitﾃｩs comportementales et relationnelles,80.0,沺,7.5,,,,
430,C PRIM COACHING FORMATION,840458871,,,ﾃ四e-de-France,3,356,"Ressources humaines, gestion du personnel, gestion de l'emploi",80.0,沺,7.5,,,,
431,S-Focus,818209009,CONDAT SUR VIENNE,87920,Nouvelle-Aquitaine,4,347,"Commerce, vente",80.0,沺,9.4,,,,
432,AUTO-ECOLE DE L'OUTRE-FORET,500212303,SOULTZ SOUS FORETS,67250,Grand Est,4,346,"Enseignement, formation",80.0,沺,9.4,,,,
433,MME GUILLOPE CAROLE MOT A MAUX,439962184,BEZANNES,51430,Grand Est,3,345,"Ressources humaines, gestion du personnel, gestion de l'emploi",80.0,沺,7.4,,,,
434,OBJECTIFS NOUVELLES COOPERATIONS ET DEVELOPPEMENT,503298778,,,Nouvelle-Aquitaine,4,344,"Ressources humaines, gestion du personnel, gestion de l'emploi",80.0,沺,9.4,,,,
435,Monsieur ALAIN HEBEISEN,832407381,,,Grand Est,4,338,"Commerce, vente",80.0,沺,9.4,,,,
436,PANDO,909625113,SOISY SOUS MONTMORENCY,95230,ﾃ四e-de-France,6,337,"Enseignement, formation",80.0,沺,13.4,,,,
437,ARUM ACCESS,852904069,THAIRE,17290,Nouvelle-Aquitaine,4,330,Dﾃｩveloppement des capacitﾃｩs comportementales et relationnelles,80.0,沺,9.4,,,,
438,INSTITUT DE FORMATION DU MOUVEMENT POUR UNE ALTERNATIVE NON VIOLENTE,524936184,NANCY,54000,Grand Est,4,329,Dﾃｩveloppement des capacitﾃｩs comportementales et relationnelles,80.0,沺,9.4,,,,
439,ACM CONSULTING,899571293,ST LAURENT DU VAR,67000,Provence-Alpes-Cﾃｴte d'Azur,5,325,"Langues vivantes, civilisations ﾃｩtrangﾃｨres et rﾃｩgionales",80.0,沺,11.4,,,,
440,LEADERSHIP EXPANSION,531232138,,,Auvergne-Rhﾃｴne-Alpes,3,321,Dﾃｩveloppement des capacitﾃｩs comportementales et relationnelles,80.0,沺,7.3,,,,
441,LORRAINE FORMATION ROUTIERE,907576318,VANDOEUVRE LES NANCY,54500,Grand Est,5,320,"Enseignement, formation",80.0,沺,11.3,,,,
442,RH BOX,920652518,HOMBOURG,68490,Grand Est,4,314,"Ressources humaines, gestion du personnel, gestion de l'emploi",80.0,沺,9.3,,,,
443,CENTRE DE FORMATION AUX METIERS DE L'EDUCATION ROUTIERE,388125619,METZ,57070,Grand Est,4,312,"Enseignement, formation",80.0,沺,9.3,,,,
444,ORCADRE,792137622,,,Pays de la Loire,5,308,Dﾃｩveloppement des capacitﾃｩs comportementales et relationnelles,80.0,沺,11.3,,,,
445,SAS DIAPASONIA,482861218,AIXE SUR VIENNE,87700,Nouvelle-Aquitaine,4,307,"Commerce, vente",80.0,沺,9.3,,,,
446,N.HOERNER,822069514,,,Nouvelle-Aquitaine,3,306,"Ressources humaines, gestion du personnel, gestion de l'emploi",80.0,沺,7.3,,,,
447,MIDI-BONNEFOY SARL,852342757,TOULOUSE,31500,Occitanie,5,305,"Enseignement, formation",80.0,沺,11.3,,,,
448,SAS SAVOIR ET ETRE CONSEIL,822812756,,,Grand Est,4,305,"Ressources humaines, gestion du personnel, gestion de l'emploi",80.0,沺,9.3,,,,
449,AUTO-ECOLE JAMES,411758228,,,Grand Est,4,300,"Enseignement, formation",80.0,沺,9.2,,,,
450,C.A.DEV,813501723,RILHAC RANCON,87570,Nouvelle-Aquitaine,4,300,"Commerce, vente",80.0,沺,9.2,,,,
451,AUDIT CONSEIL FORMATION,383572237,ASNIERES SUR SEINE,92600,ﾃ四e-de-France,8,299,"Ressources humaines, gestion du personnel, gestion de l'emploi",80.0,沺,17.2,,,,
452,ENERGY AUTO ECOLE,411518624,ROSNY SOUS BOIS,93110,ﾃ四e-de-France,4,299,Formations gﾃｩnﾃｩrales,80.0,沺,9.2,,,,
453,AVRAS SARL,922123732,BALMA,31130,Occitanie,4,298,Dﾃｩveloppement des capacitﾃｩs comportementales et relationnelles,80.0,沺,9.2,,,,
454,AUTO ECOLE AVENIR UNIVERSITE,852324821,,,Occitanie,4,297,"Enseignement, formation",80.0,沺,9.2,,,,
455,LE CHAMP DES POSSIBLES,751749714,PARIS 10,75010,ﾃ四e-de-France,9,288,"Ressources humaines, gestion du personnel, gestion de l'emploi",80.0,沺,19.2,,,,
456,VALLERANT FREDDY,808042949,PARIS 11,75011,ﾃ四e-de-France,3,288,"Ressources humaines, gestion du personnel, gestion de l'emploi",80.0,沺,7.2,,,,
457,NCF-Nﾃｩmemjumﾃｩ Coaching & Formation,384016507,,,Auvergne-Rhﾃｴne-Alpes,8,285,"Ressources humaines, gestion du personnel, gestion de l'emploi",80.0,沺,17.2,,,,
458,SASU AUTO-ECOLE IPC,838725257,,,ﾃ四e-de-France,5,285,"Transport, manutention, magasinage",80.0,沺,11.2,,,,
459,PAYS BASQUE FORMATION,444740609,,,Nouvelle-Aquitaine,4,284,"Enseignement, formation",80.0,沺,9.2,,,,
460,SARL FORMEHPAD 33,804237592,CENON,33150,Nouvelle-Aquitaine,4,284,"Transport, manutention, magasinage",80.0,沺,9.2,,,,
461,INSTITUT EUROPEEN DIETETIQUE MICRONUTRIT,418754909,,,ﾃ四e-de-France,7,283,"Enseignement, formation",80.0,沺,15.2,,,,
462,EVISA FORMATION,844435966,,,ﾃ四e-de-France,6,282,"Ressources humaines, gestion du personnel, gestion de l'emploi",80.0,沺,13.2,,,,
463,AUTO-ECOLE PIALOUX GERALDINE,493684831,,,Auvergne-Rhﾃｴne-Alpes,4,279,Formations gﾃｩnﾃｩrales,80.0,沺,9.2,,,,
464,LA BATISSE,842534448,VIRIGNIN,13000,Auvergne-Rhﾃｴne-Alpes,10,275,"Ressources humaines, gestion du personnel, gestion de l'emploi",80.0,沺,21.1,,,,
465,SENTINELLES,834548778,MITTERSHEIM,57930,Grand Est,5,275,"Enseignement, formation",80.0,沺,11.1,,,,
466,XTRA FORMATION,521614529,,,Auvergne-Rhﾃｴne-Alpes,3,271,"Enseignement, formation",80.0,沺,7.1,,,,
467,CONSILIUM AND PARTNERS,821497534,,,Auvergne-Rhﾃｴne-Alpes,4,270,"Commerce, vente",80.0,沺,9.1,,,,
468,MANEHO CONSEIL,878279405,COLOMBES,92700,ﾃ四e-de-France,3,269,"Ressources humaines, gestion du personnel, gestion de l'emploi",80.0,沺,7.1,,,,
469,GOOOD,451903637,PARIS 08,75008,ﾃ四e-de-France,6,267,Dﾃｩveloppement des capacitﾃｩs comportementales et relationnelles,80.0,沺,13.1,,,,
470,ECLEVIA,823363627,,,ﾃ四e-de-France,6,265,Dﾃｩveloppement des capacitﾃｩs comportementales et relationnelles,80.0,沺,13.1,,,,
471,ANNE RABINEAU CONSEIL,789076957,,,ﾃ四e-de-France,5,264,Spﾃｩcialitﾃｩs plurivalentes des ﾃｩchanges et de la gestion,80.0,沺,11.1,,,,
472,COHAERENS,844578021,PARIS 12,75012,ﾃ四e-de-France,7,263,"Ressources humaines, gestion du personnel, gestion de l'emploi",80.0,沺,15.1,,,,
473,EVMA INVESTISSEMENT GESTION,432291524,,,Grand Est,5,259,"Enseignement, formation",80.0,沺,11.1,,,,
474,ASSOCIATION TRANSITION,431836368,MOURENX,64150,Nouvelle-Aquitaine,4,257,"Dﾃｩveloppement des capacitﾃｩs d'orientation, d'insertion ou de rﾃｩinsertion sociales et professionnelles",80.0,沺,9.1,,,,
475,SAS SYNETHIS,847630779,ST ESTEVE JANSON,13610,Provence-Alpes-Cﾃｴte d'Azur,4,256,"Commerce, vente",80.0,沺,9.1,,,,
476,ANTHROPOS CULTURES ASSOCIEES,802267153,,,Provence-Alpes-Cﾃｴte d'Azur,4,255,"Spﾃｩcialitﾃｩs pluridisciplinaires, sciences humaines et droit",80.0,沺,9.1,,,,
477,EXPLORENTIEL,751362468,,,ﾃ四e-de-France,4,254,Formations gﾃｩnﾃｩrales,80.0,沺,9.1,,,,
478,CFS CONSULTANT FRANK SCHNEIDER,801594391,MUNDOLSHEIM,67450,Grand Est,4,253,"Commerce, vente",80.0,沺,9.1,,,,
479,AUTO ECOLE FLEURENT - VIRGINIE HAHNEL,494336678,CHAMPIGNEULLES,54250,Grand Est,4,251,"Enseignement, formation",80.0,沺,9.0,,,,
480,CEFR,818619876,NANTERRE,92000,ﾃ四e-de-France,4,250,Formations gﾃｩnﾃｩrales,80.0,沺,9.0,,,,
481,KANNA,822227807,CRETEIL,94000,ﾃ四e-de-France,4,246,Formations gﾃｩnﾃｩrales,80.0,沺,9.0,,,,
482,RASPAIL FORMATION,921828562,BAGNOLET,93170,ﾃ四e-de-France,5,243,"Transport, manutention, magasinage",80.0,沺,11.0,,,,
483,INSTITUT DE LA FORMATION ET DU TUTORAT,817504681,MELUN,77000,ﾃ四e-de-France,9,242,"Ressources humaines, gestion du personnel, gestion de l'emploi",80.0,沺,19.0,,,,
484,IKANOOS,831208301,,,Normandie,4,239,Dﾃｩveloppement des capacitﾃｩs comportementales et relationnelles,80.0,沺,9.0,,,,
485,MOORTGAT ENERGIE,494053119,ST MAUR DES FOSSES,94100,ﾃ四e-de-France,7,238,"Ressources humaines, gestion du personnel, gestion de l'emploi",80.0,沺,15.0,,,,
486,TIMETO,518301932,,,Provence-Alpes-Cﾃｴte d'Azur,6,237,"Ressources humaines, gestion du personnel, gestion de l'emploi",80.0,沺,13.0,,,,
487,AUTO-ECOLE HENRY,847559218,LUNEVILLE,54300,Grand Est,4,237,"Enseignement, formation",80.0,沺,9.0,,,,
488,ICI STAGES,482506771,ROUFFACH,68250,Grand Est,5,236,"Enseignement, formation",80.0,沺,11.0,,,,
489,ACTEOZ,822986097,,,Auvergne-Rhﾃｴne-Alpes,7,231,"Ressources humaines, gestion du personnel, gestion de l'emploi",80.0,沺,15.0,,,,
490,GROUPE AVENIR,347827404,PONT A MOUSSON,54700,Grand Est,4,231,"Enseignement, formation",80.0,沺,9.0,,,,
491,SPEED PERMIS LE RAINCY,532614153,LE RAINCY,93340,ﾃ四e-de-France,4,231,"Transport, manutention, magasinage",80.0,沺,9.0,,,,
492,AQP CONSEIL,889452694,,,ﾃ四e-de-France,4,228,"Commerce, vente",80.0,沺,8.9,,,,
493,I.B.T.P. 46 ASS. INSTITUT BATIMENT ET TRAVAUX PUBLICS,401858733,,,Occitanie,4,227,Bﾃ｢timent: construction et couverture,80.0,沺,8.9,,,,
494,ALLIANCE,349175133,ALLONNE,60000,Hauts-de-France,5,225,"Ressources humaines, gestion du personnel, gestion de l'emploi",80.0,沺,10.9,,,,
495,ISOCEL MANAGEMENT CONSEIL,324729896,,,Nouvelle-Aquitaine,5,225,Dﾃｩveloppement des capacitﾃｩs comportementales et relationnelles,80.0,沺,10.9,,,,
496,SARL ALIDORO CONSULTANTS,493647473,,,Occitanie,4,224,"Ressources humaines, gestion du personnel, gestion de l'emploi",80.0,沺,8.9,,,,
497,AUTO ECOLE JOFFRE,822865168,,,Occitanie,4,217,"Enseignement, formation",80.0,沺,8.9,,,,
498,SARL GUILLOUX AUTO ECOLE,397870658,RETHEL,83000,Grand Est,4,217,"Enseignement, formation",80.0,沺,8.9,,,,
499,CARPAccess,539171264,,,Auvergne-Rhﾃｴne-Alpes,3,216,Dﾃｩveloppement des capacitﾃｩs comportementales et relationnelles,80.0,沺,6.9,,,,
500,AUTO MOTO ECOLE DESILLES,837592724,NANCY,54000,Grand Est,5,215,"Enseignement, formation",80.0,沺,10.9,,,,
